<beans xmlns="http://www.springframework.org/schema/beans"
	xmlns:xsi="http://www.w3.org/2001/XMLSchema-instance"
	xmlns:context="http://www.springframework.org/schema/context"
	xsi:schemaLocation="http://www.springframework.org/schema/beans
    http://www.springframework.org/schema/beans/spring-beans-3.0.xsd
    http://www.springframework.org/schema/context
    http://www.springframework.org/schema/context/spring-context-3.0.xsd">
	<context:annotation-config></context:annotation-config>
	<bean class="com.bmc.demo.Employee" id="emp"  >
		<property name="empId" value="123"></property>
		<property name="empName" value="suresh"></property>
		<property name="empSal" value="90000"></property>
		<property name="empDesg" value="developer" ></property>
	<!-- 	 <property name="address" ref="pa"></property>
		 -->
	</bean>

	<bean class="com.bmc.demo.Address" id="pa">
		<!-- Address add=new Address() -->
	</bean>

</beans>